﻿designator,quantity,value,pack,mpn,mount_type
B1,1,DC-DC,DCDC-module,,smt
C1,1,100n,C_0603_1608Metric_Pad1.08x0.95mm_HandSolder,,smt
C2,1,10u,C_0805_2012Metric_Pad1.18x1.45mm_HandSolder,,smt
D1,1,PSM712,SOT-23,,smt
D2,1,Status,LED_0603_1608Metric_Pad1.05x0.95mm_HandSolder,,smt
J1,1,PF cable,PinHeader_1x04_2mm,,tht
J2,1,Servo,PinHeader_1x03_P2.54mm_Vertical,,tht
J3,1,Grove cable,PinHeader_1x04_2mm,,tht
"Q1, Q3",2,AS2309,SOT-23,,smt
"Q2, Q4",2,MUN5235,SOT-323_SC-70,,smt
R1,1,10k,R_0603_1608Metric_Pad0.98x0.95mm_HandSolder,,smt
"R2, R8",2,2.2k,R_0805_2012Metric_Pad1.20x1.40mm_HandSolder,,smt
R3,1,100,R_0603_1608Metric_Pad0.98x0.95mm_HandSolder,,smt
"R4, R5",2,TBD,R_0603_1608Metric_Pad0.98x0.95mm_HandSolder,,smt
R6,1,3.3k,R_0603_1608Metric_Pad0.98x0.95mm_HandSolder,,smt
R7,1,2.2k,R_0603_1608Metric_Pad0.98x0.95mm_HandSolder,,smt
SW1,1,SW_SPST,SW_Push_SPST_NO_Alps_SKRK,,smt
TP1,1,debugWire,PinHeader_1x01_P2.54mm_Vertical,,tht
U1,1,ATtiny13A-SS,SOIC-8_3.9x4.9mm_P1.27mm,,smt
