﻿pos_x,pos_y,rotation,side,designator,mpn,pack,value,mount_type,place
0.0,-1.3,-90.0,bottom,B1,,DCDC-module,DC-DC,smt,True
2.2,-0.6,0.0,top,C1,,C_0603_1608Metric_Pad1.08x0.95mm_HandSolder,100n,smt,True
5.5,-3.0,-90.0,top,C2,,C_0805_2012Metric_Pad1.18x1.45mm_HandSolder,10u,smt,True
0.0,-8.9,-90.0,top,D1,,SOT-23,PSM712,smt,True
-5.2,10.1,180.0,top,D2,,LED_0603_1608Metric_Pad1.05x0.95mm_HandSolder,Status,smt,True
0.0,-3.75,0.0,top,J1,,PinHeader_1x04_2mm,PF cable,tht,True
-2.525,9.6,90.0,top,J2,,PinHeader_1x03_P2.54mm_Vertical,Servo,tht,True
0.0,3.7,180.0,top,J3,,PinHeader_1x04_2mm,Grove cable,tht,True
3.5,-8.9,90.0,top,Q1,,SOT-23,AS2309,smt,True
-5.0,0.8,90.0,top,Q2,,SOT-323_SC-70,MUN5235,smt,True
-3.5,-8.9,90.0,top,Q3,,SOT-23,AS2309,smt,True
-1.4,-1.2,180.0,top,Q4,,SOT-323_SC-70,MUN5235,smt,True
3.8,6.9,0.0,top,R1,,R_0603_1608Metric_Pad0.98x0.95mm_HandSolder,10k,smt,True
2.6,-5.9,0.0,top,R2,,R_0805_2012Metric_Pad1.20x1.40mm_HandSolder,2.2k,smt,True
-5.2,6.4,180.0,top,R3,,R_0603_1608Metric_Pad0.98x0.95mm_HandSolder,100,smt,True
-5.2,8.6,180.0,top,R4,,R_0603_1608Metric_Pad0.98x0.95mm_HandSolder,TBD,smt,True
-5.2,4.9,180.0,top,R5,,R_0603_1608Metric_Pad0.98x0.95mm_HandSolder,TBD,smt,True
-5.0,-2.0,180.0,top,R6,,R_0603_1608Metric_Pad0.98x0.95mm_HandSolder,3.3k,smt,True
-5.3,-4.5,-90.0,top,R7,,R_0603_1608Metric_Pad0.98x0.95mm_HandSolder,2.2k,smt,True
-2.6,-5.9,180.0,top,R8,,R_0805_2012Metric_Pad1.20x1.40mm_HandSolder,2.2k,smt,True
4.6,3.2,-90.0,top,SW1,,SW_Push_SPST_NO_Alps_SKRK,SW_SPST,smt,True
5.08,9.6,0.0,top,TP1,,PinHeader_1x01_P2.54mm_Vertical,debugWire,tht,True
-0.7,4.1,-90.0,top,U1,,SOIC-8_3.9x4.9mm_P1.27mm,ATtiny13A-SS,smt,True
